Date,Product,Region,Customer_Type,Quantity,Price,Discount,Revenue
2024-09-20,Paper,West,Individual,56,162.63,0.17,7559.04
2024-04-21,Pens,North,Business,2,53.46,0.05,101.57
2024-12-20,Pens,West,Individual,16,99.1,0.26,1173.34
2024-08-15,Printers,East,Business,50,30.18,0.28,1086.48
2024-05-22,Printers,South,Individual,2,35.58,0.18,58.35
2024-12-04,Paper,North,Business,97,75.48,0.02,7175.13
2024-12-20,Printers,South,Business,51,159.47,0.26,6018.4
2024-03-27,Pens,West,Business,68,18.63,0.17,1051.48
2024-12-26,Paper,West,Individual,94,163.47,0.27,11217.31
2024-08-23,Printers,West,Individual,25,85.78,0.2,1715.6
2024-08-11,Paper,West,Individual,82,53.94,0.12,3892.31
2024-06-04,Notebooks,South,Individual,28,67.74,0.17,1574.28
2024-06-29,Printers,West,Business,26,52.84,0.08,1263.93
2024-09-18,Paper,East,Individual,14,131.72,0.29,1309.3
2024-08-05,Printers,North,Individual,29,8.95,0.06,243.98
2024-06-04,Paper,West,Individual,42,194.76,0.06,7689.12
2024-09-28,Notebooks,South,Individual,28,67.94,0.07,1769.16
2024-04-07,Printers,West,Business,29,162.68,0.11,4198.77
2024-01-25,Printers,South,Individual,22,36.43,0.14,689.26
2024-12-07,Notebooks,South,Individual,77,52.5,0.29,2870.18
2024-05-07,Notebooks,East,Business,60,85.76,0.22,4013.57
2024-08-20,Pens,South,Individual,17,67.76,0.15,979.13
2024-01-31,Printers,West,Business,30,9.71,0.3,203.91
2024-02-04,Printers,West,Individual,89,173.18,0.18,12638.68
2024-05-01,Notebooks,South,Business,64,130.93,0.04,8044.34
2024-02-14,Notebooks,East,Individual,55,3.69,0.19,164.39
2024-09-28,Pens,South,Individual,55,138.1,0.1,6835.95
2024-09-05,Pens,West,Individual,23,146.54,0.14,2898.56
2024-03-13,Paper,North,Individual,73,94.51,0.15,5864.35
2024-06-25,Notebooks,East,Business,79,136.82,0.15,9187.46
2024-07-02,Paper,South,Individual,28,100.15,0.11,2495.74
2024-04-21,Printers,West,Individual,9,116.1,0.11,929.96
2024-11-11,Notebooks,South,Business,4,78.42,0.13,272.9
2024-03-28,Paper,East,Business,74,190.19,0.17,11681.47
2024-01-21,Printers,East,Business,3,32.93,0.3,69.15
2024-05-31,Pens,East,Individual,81,80.67,0.03,6338.24
2024-01-28,Pens,East,Individual,7,160.0,0.29,795.2
2024-03-30,Paper,East,Business,65,113.79,0.23,5695.19
2024-07-02,Notebooks,East,Business,48,113.47,0.2,4357.25
2024-05-24,Notebooks,North,Business,10,73.11,0.28,526.39
2024-01-09,Printers,East,Individual,3,79.17,0.2,190.01
2024-10-09,Notebooks,North,Business,5,54.51,0.16,228.94
2024-03-01,Notebooks,North,Individual,16,61.78,0.21,780.9
2024-10-05,Notebooks,East,Individual,58,73.9,0.05,4071.89
2024-08-25,Pens,South,Business,70,173.02,0.09,11021.37
2024-05-23,Notebooks,East,Business,71,153.24,0.05,10336.04
2024-05-19,Paper,East,Individual,58,55.01,0.02,3126.77
2024-09-10,Pens,South,Business,31,121.31,0.12,3309.34
2024-02-15,Pens,North,Individual,34,66.32,0.19,1826.45
2024-02-03,Notebooks,West,Business,9,111.36,0.28,721.61
2024-03-13,Paper,North,Individual,40,116.99,0.04,4492.42
2024-10-21,Printers,East,Business,21,37.4,0.01,777.55
2024-11-17,Notebooks,East,Individual,41,76.06,0.29,2214.11
2024-11-19,Printers,East,Business,89,79.51,0.27,5165.76
2024-09-04,Notebooks,South,Business,47,58.91,0.2,2215.02
2024-08-05,Printers,South,Business,98,83.42,0.09,7439.4
2024-04-23,Printers,West,Business,50,110.75,0.23,4263.88
2024-06-15,Pens,South,Business,74,4.88,0.23,278.06
2024-05-11,Paper,East,Business,32,162.83,0.27,3803.71
2024-07-22,Pens,South,Business,89,74.74,0.05,6319.27
2024-12-31,Printers,East,Individual,41,198.45,0.18,6671.89
2024-11-23,Notebooks,West,Business,24,56.73,0.22,1061.99
2024-01-15,Paper,East,Business,44,138.4,0.12,5358.85
2024-03-27,Pens,East,Business,59,155.62,0.03,8906.13
2024-04-25,Notebooks,East,Individual,40,186.42,0.18,6114.58
2024-10-12,Notebooks,East,Individual,35,43.29,0.28,1090.91
2024-05-05,Paper,East,Individual,84,95.54,0.04,7704.35
2024-11-25,Notebooks,West,Individual,5,189.91,0.21,750.14
2024-12-12,Printers,North,Business,43,7.73,0.29,236.0
2024-12-03,Notebooks,West,Individual,70,17.52,0.07,1140.55
2024-03-24,Pens,South,Business,86,34.95,0.26,2224.22
2024-08-29,Pens,East,Business,100,137.72,0.23,10604.44
2024-05-14,Pens,South,Individual,57,141.74,0.14,6948.09
2024-02-11,Pens,South,Business,86,194.24,0.08,15368.27
2024-07-01,Paper,South,Business,50,131.01,0.04,6288.48
2024-02-03,Paper,East,Business,44,173.01,0.22,5937.7
2024-04-22,Notebooks,South,Individual,22,185.59,0.03,3960.49
2024-11-16,Notebooks,North,Individual,95,177.57,0.21,13326.63
2024-11-13,Notebooks,North,Individual,28,162.92,0.15,3877.5
2024-12-16,Printers,East,Individual,93,145.58,0.17,11237.32
2024-12-23,Notebooks,West,Individual,54,128.03,0.1,6222.26
2024-01-29,Pens,West,Individual,5,164.16,0.1,738.72
2024-04-15,Pens,West,Business,80,92.2,0.13,6417.12
2024-11-14,Paper,East,Individual,50,158.91,0.05,7548.22
2024-11-17,Pens,South,Business,52,33.02,0.19,1390.8
2024-11-04,Pens,East,Individual,95,196.61,0.16,15689.48
2024-02-20,Notebooks,North,Individual,22,75.52,0.13,1445.45
2024-05-25,Notebooks,East,Business,18,131.99,0.09,2162.0
2024-12-11,Pens,West,Business,24,169.57,0.02,3988.29
2024-07-20,Notebooks,West,Individual,70,44.42,0.2,2487.52
2024-11-22,Printers,North,Business,8,112.47,0.24,683.82
2024-05-27,Pens,East,Business,44,48.23,0.06,1994.79
2024-01-12,Pens,North,Individual,75,23.87,0.29,1271.08
2024-10-28,Printers,South,Individual,39,37.97,0.09,1347.56
2024-01-06,Paper,South,Business,62,74.3,0.2,3685.28
2024-11-20,Paper,North,Individual,95,197.28,0.08,17242.27
2024-03-01,Printers,North,Individual,76,103.55,0.23,6059.75
2024-06-15,Paper,North,Business,95,195.24,0.25,13910.85
2024-05-19,Pens,North,Individual,79,104.85,0.16,6957.85
2024-09-09,Printers,East,Individual,21,17.18,0.26,266.98
2024-10-10,Notebooks,South,Individual,52,95.93,0.13,4339.87
2024-08-12,Pens,North,Business,41,52.71,0.04,2074.67
2024-11-07,Notebooks,East,Individual,28,189.6,0.13,4618.66
2024-12-02,Paper,South,Business,11,45.55,0.1,450.94
2024-01-11,Printers,South,Individual,98,88.68,0.26,6431.07
2024-10-29,Pens,East,Individual,88,180.05,0.09,14418.4
2024-05-27,Notebooks,South,Business,66,196.05,0.13,11257.19
2024-12-23,Printers,East,Business,61,171.88,0.17,8702.28
2024-01-02,Notebooks,West,Business,42,142.35,0.2,4782.96
2024-02-05,Pens,East,Individual,13,109.81,0.3,999.27
2024-05-05,Notebooks,South,Individual,61,35.95,0.2,1754.36
2024-05-28,Printers,North,Business,63,116.02,0.09,6651.43
2024-03-29,Paper,North,Business,72,194.22,0.27,10208.2
2024-04-15,Notebooks,West,Individual,72,4.41,0.08,292.12
2024-10-11,Pens,South,Individual,97,30.76,0.11,2655.51
2024-03-18,Printers,South,Individual,23,93.69,0.25,1616.15
2024-01-03,Notebooks,South,Business,55,38.93,0.25,1605.86
2024-06-15,Notebooks,West,Business,62,16.2,0.18,823.61
2024-07-08,Printers,East,Individual,50,7.43,0.11,330.64
2024-07-06,Notebooks,East,Business,25,35.96,0.21,710.21
2024-08-27,Printers,North,Individual,94,83.16,0.17,6488.14
2024-03-17,Printers,West,Individual,70,130.69,0.3,6403.81
2024-01-27,Printers,South,Individual,64,150.04,0.28,6913.84
2024-09-17,Pens,East,Business,48,142.6,0.08,6297.22
2024-11-24,Notebooks,North,Business,41,104.36,0.0,4278.76
2024-10-14,Paper,East,Individual,61,90.29,0.23,4240.92
2024-01-13,Pens,East,Individual,26,133.03,0.18,2836.2
2024-04-09,Paper,West,Individual,56,137.95,0.14,6643.67
2024-05-06,Notebooks,East,Individual,88,165.26,0.21,11488.88
2024-07-17,Pens,North,Business,75,117.45,0.22,6870.82
2024-01-23,Paper,East,Individual,12,167.25,0.01,1986.93
2024-01-25,Pens,South,Individual,77,25.72,0.1,1782.4
2024-12-04,Notebooks,South,Business,13,2.58,0.26,24.82
2024-07-29,Printers,East,Individual,46,66.88,0.07,2861.13
2024-02-14,Notebooks,South,Individual,62,47.95,0.09,2705.34
2024-07-23,Pens,West,Business,12,102.94,0.0,1235.28
2024-11-04,Printers,East,Business,54,172.39,0.25,6981.8
2024-03-04,Paper,East,Business,44,61.92,0.05,2588.26
2024-04-21,Pens,North,Individual,35,96.38,0.19,2732.37
2024-03-07,Paper,South,Individual,60,151.82,0.25,6831.9
2024-10-05,Printers,West,Business,31,19.29,0.14,514.27
2024-05-15,Printers,South,Business,3,168.89,0.14,435.74
2024-11-27,Pens,East,Business,72,167.58,0.29,8566.69
2024-09-23,Paper,West,Business,95,152.84,0.02,14229.4
2024-07-18,Notebooks,East,Business,14,11.72,0.18,134.55
2024-04-09,Printers,North,Individual,57,168.72,0.28,6924.27
2024-10-16,Notebooks,South,Individual,62,45.28,0.2,2245.89
2024-01-22,Paper,West,Business,82,135.92,0.02,10922.53
2024-10-03,Paper,East,Individual,68,159.03,0.11,9624.5
2024-11-03,Printers,South,Business,16,194.21,0.11,2765.55
2024-11-10,Pens,North,Business,5,92.28,0.08,424.49
2024-09-27,Notebooks,East,Individual,44,154.03,0.25,5082.99
2024-07-01,Pens,North,Business,46,4.8,0.28,158.98
2024-03-16,Notebooks,West,Individual,60,126.03,0.2,6049.44
2024-01-06,Pens,West,Individual,99,90.7,0.22,7003.85
2024-09-18,Pens,North,Business,31,168.58,0.06,4912.42
2024-12-23,Pens,North,Business,77,26.17,0.02,1974.79
2024-02-21,Paper,South,Business,54,102.69,0.17,4602.57
2024-01-12,Notebooks,West,Individual,64,198.96,0.21,10059.42
2024-08-09,Paper,East,Individual,66,120.48,0.02,7792.65
2024-12-22,Notebooks,South,Business,77,186.88,0.14,12375.19
2024-03-28,Printers,West,Business,36,12.87,0.0,463.32
2024-04-08,Paper,West,Individual,37,130.56,0.19,3912.88
2024-08-01,Notebooks,West,Individual,33,177.31,0.19,4739.5
2024-11-27,Printers,West,Business,70,90.35,0.21,4996.36
2024-04-07,Printers,South,Individual,65,128.73,0.29,5940.89
2024-09-29,Notebooks,South,Individual,8,193.95,0.03,1505.05
2024-11-18,Printers,North,Business,10,11.56,0.16,97.1
2024-09-21,Paper,East,Individual,14,114.21,0.08,1471.02
2024-04-11,Pens,North,Business,86,78.08,0.2,5371.9
2024-07-22,Notebooks,North,Individual,47,151.45,0.18,5836.88
2024-02-05,Notebooks,South,Individual,53,12.44,0.26,487.9
2024-02-23,Paper,East,Business,15,121.54,0.02,1786.64
2024-01-31,Printers,East,Individual,62,1.82,0.1,101.56
2024-02-17,Pens,South,Business,47,9.31,0.19,354.43
2024-11-11,Paper,West,Individual,97,130.44,0.21,9995.62
2024-06-14,Pens,West,Business,69,135.29,0.16,7841.41
2024-02-27,Paper,West,Business,40,76.78,0.12,2702.66
2024-03-11,Paper,West,Business,82,62.63,0.19,4159.88
2024-07-17,Paper,North,Business,47,33.12,0.01,1541.07
2024-12-30,Printers,North,Individual,80,135.49,0.29,7695.83
2024-09-04,Printers,West,Individual,10,179.26,0.04,1720.9
2024-01-23,Notebooks,South,Business,96,141.98,0.19,11040.36
2024-10-08,Printers,West,Business,4,72.17,0.19,233.83
2024-08-31,Notebooks,West,Individual,10,148.02,0.24,1124.95
2024-04-10,Paper,North,Business,84,17.72,0.08,1369.4
2024-06-02,Printers,East,Business,32,62.78,0.11,1787.97
2024-07-18,Paper,East,Individual,16,138.89,0.07,2066.68
2024-09-20,Paper,South,Business,10,63.26,0.0,632.6
2024-08-09,Paper,West,Individual,89,52.56,0.0,4677.84
2024-12-10,Paper,North,Business,89,40.29,0.1,3227.23
2024-10-23,Notebooks,South,Individual,41,105.45,0.04,4150.51
2024-08-23,Pens,North,Business,60,94.46,0.0,5667.6
2024-08-18,Notebooks,North,Business,94,17.84,0.01,1660.19
2024-08-05,Pens,North,Business,58,98.11,0.14,4893.73
2024-10-28,Paper,East,Individual,9,122.64,0.0,1103.76
2024-06-30,Notebooks,North,Business,29,112.62,0.28,2351.51
2024-06-26,Pens,West,Business,25,107.5,0.22,2096.25
2024-07-28,Pens,East,Individual,100,135.09,0.03,13103.73
2024-02-09,Printers,East,Individual,2,142.44,0.22,222.21
2024-02-20,Paper,South,Business,63,111.98,0.14,6067.08
2024-08-27,Printers,West,Business,38,128.45,0.0,4881.1
2024-10-04,Paper,West,Individual,51,20.9,0.14,916.67
2024-02-03,Pens,North,Individual,43,143.79,0.06,5811.99
2024-05-05,Paper,South,Individual,63,20.26,0.25,957.29
2024-11-02,Paper,East,Individual,2,55.05,0.08,101.29
2024-12-29,Notebooks,West,Individual,76,199.17,0.19,12260.91
2024-07-25,Pens,East,Business,59,47.44,0.09,2547.05
2024-01-18,Pens,North,Business,26,131.04,0.12,2998.2
2024-09-04,Notebooks,South,Individual,100,119.56,0.0,11956.0
2024-02-23,Pens,East,Individual,17,17.33,0.22,229.8
2024-11-07,Pens,South,Business,90,159.58,0.25,10771.65
2024-01-30,Notebooks,North,Individual,25,28.62,0.29,508.0
2024-04-03,Notebooks,South,Business,52,150.95,0.25,5887.05
2024-06-17,Notebooks,North,Individual,97,197.01,0.05,18154.47
2024-07-16,Pens,East,Business,37,143.43,0.29,3767.91
2024-10-19,Pens,West,Individual,65,56.37,0.02,3590.77
2024-07-29,Pens,South,Business,3,117.75,0.02,346.18
2024-11-08,Paper,South,Individual,26,86.52,0.17,1867.1
2024-12-05,Printers,North,Individual,85,112.37,0.18,7832.19
2024-03-21,Paper,North,Individual,45,79.44,0.29,2538.11
2024-07-13,Printers,West,Individual,3,50.74,0.07,141.56
2024-06-17,Pens,West,Individual,87,119.05,0.3,7250.14
2024-07-17,Paper,West,Business,29,16.13,0.15,397.6
2024-11-18,Notebooks,South,Business,43,179.77,0.27,5642.98
2024-05-24,Paper,North,Individual,21,191.59,0.15,3419.88
2024-02-13,Notebooks,West,Business,48,155.55,0.3,5226.48
2024-10-02,Paper,North,Business,33,198.06,0.29,4640.55
2024-09-11,Notebooks,East,Individual,47,125.65,0.0,5905.55
2024-05-24,Paper,East,Business,63,193.05,0.26,8999.99
2024-09-14,Pens,East,Business,92,134.6,0.21,9782.73
2024-05-30,Printers,South,Individual,39,73.68,0.03,2787.31
2024-03-12,Paper,South,Individual,67,119.37,0.25,5998.34
2024-12-08,Printers,South,Business,86,44.9,0.17,3204.96
2024-07-08,Paper,West,Business,100,155.3,0.22,12113.4
2024-03-19,Pens,South,Business,90,91.61,0.02,8080.0
2024-12-01,Paper,South,Individual,26,22.48,0.25,438.36
2024-05-20,Paper,South,Business,18,3.61,0.02,63.68
2024-12-09,Pens,South,Individual,77,48.5,0.1,3361.05
2024-08-17,Printers,East,Business,20,139.66,0.12,2458.02
2024-02-26,Printers,South,Individual,80,119.56,0.27,6982.3
2024-02-15,Pens,East,Individual,76,55.3,0.17,3488.32
2024-03-22,Paper,South,Individual,57,151.02,0.29,6111.78
2024-11-18,Pens,West,Individual,23,35.44,0.09,741.76
2024-12-15,Paper,North,Individual,72,3.84,0.22,215.65
2024-09-16,Pens,South,Individual,55,132.42,0.24,5535.16
2024-09-11,Pens,North,Business,55,39.92,0.13,1910.17
2024-09-02,Paper,East,Business,81,84.67,0.02,6721.1
2024-06-17,Notebooks,East,Business,96,134.46,0.27,9422.96
2024-05-18,Pens,North,Business,6,133.38,0.1,720.25
2024-01-10,Notebooks,South,Business,50,183.86,0.04,8825.28
2024-10-18,Paper,South,Business,79,60.61,0.06,4500.9
2024-04-21,Pens,South,Business,61,186.36,0.22,8867.01
2024-01-08,Printers,East,Business,6,121.96,0.29,519.55
2024-09-29,Paper,West,Business,20,73.15,0.01,1448.37
2024-12-30,Printers,South,Business,42,165.68,0.28,5010.16
2024-06-15,Paper,East,Business,23,66.32,0.14,1311.81
2024-09-12,Paper,East,Business,41,37.66,0.02,1513.18
2024-05-12,Pens,West,Individual,88,187.73,0.25,12390.18
2024-11-25,Printers,North,Individual,26,97.8,0.26,1881.67
2024-09-11,Notebooks,East,Business,48,11.5,0.29,391.92
2024-09-05,Printers,North,Individual,56,24.46,0.04,1314.97
2024-07-17,Printers,North,Business,82,147.23,0.23,9296.1
2024-03-23,Pens,East,Business,63,159.1,0.12,8820.5
2024-07-25,Notebooks,West,Business,73,124.98,0.15,7755.01
2024-07-07,Paper,West,Business,35,71.75,0.17,2084.34
2024-05-12,Printers,North,Business,63,195.93,0.03,11973.28
2024-05-15,Pens,West,Individual,26,155.11,0.21,3185.96
2024-11-09,Paper,East,Individual,60,81.24,0.01,4825.66
2024-12-01,Notebooks,South,Business,65,132.82,0.28,6215.98
2024-03-15,Notebooks,North,Business,63,106.34,0.25,5024.57
2024-08-28,Pens,East,Business,97,13.64,0.18,1084.93
2024-06-10,Notebooks,East,Business,16,72.69,0.23,895.54
2024-01-10,Notebooks,West,Individual,88,91.69,0.19,6535.66
2024-03-05,Notebooks,South,Individual,2,190.59,0.23,293.51
2024-05-27,Notebooks,East,Individual,1,68.64,0.02,67.27
2024-12-24,Printers,South,Individual,4,111.5,0.11,396.94
2024-05-09,Paper,South,Individual,47,28.71,0.09,1227.93
2024-11-28,Notebooks,West,Individual,74,54.91,0.13,3535.11
2024-10-08,Printers,West,Business,35,90.6,0.11,2822.19
2024-01-29,Pens,North,Individual,80,165.65,0.01,13119.48
2024-02-12,Paper,South,Business,66,122.44,0.27,5899.16
2024-06-18,Notebooks,North,Business,91,155.49,0.27,10329.2
2024-04-24,Printers,East,Business,39,2.98,0.29,82.52
2024-09-07,Notebooks,North,Individual,16,147.4,0.08,2169.73
2024-01-15,Printers,South,Business,22,82.7,0.0,1819.4
2024-08-18,Paper,South,Business,22,50.99,0.02,1099.34
2024-02-10,Pens,North,Business,10,165.68,0.28,1192.9
2024-01-15,Pens,East,Individual,13,124.55,0.07,1505.81
2024-01-13,Pens,East,Business,3,133.79,0.07,373.27
2024-05-05,Paper,East,Business,75,31.61,0.25,1778.06
2024-05-18,Printers,West,Individual,8,59.1,0.01,468.07
2024-05-11,Printers,South,Individual,1,153.38,0.04,147.24
2024-12-26,Pens,West,Business,80,145.93,0.06,10973.94
2024-03-18,Printers,West,Business,68,190.21,0.16,10864.8
2024-08-16,Pens,West,Business,73,153.95,0.0,11238.35
2024-05-01,Printers,East,Individual,27,83.15,0.19,1818.49
2024-09-12,Notebooks,East,Business,10,16.53,0.24,125.63
2024-09-21,Notebooks,North,Individual,18,38.54,0.08,638.22
2024-04-07,Notebooks,East,Individual,10,19.65,0.23,151.3
2024-03-07,Paper,North,Business,89,137.22,0.27,8915.18
2024-11-11,Printers,West,Business,73,120.2,0.02,8599.11
2024-04-01,Pens,North,Business,31,62.99,0.27,1425.46
2024-04-16,Printers,South,Individual,53,176.7,0.19,7585.73
2024-12-11,Printers,West,Business,50,117.21,0.02,5743.29
2024-07-14,Notebooks,South,Individual,7,142.85,0.28,719.96
2024-02-13,Notebooks,North,Individual,67,130.37,0.28,6289.05
2024-09-14,Notebooks,North,Business,1,63.74,0.07,59.28
2024-11-22,Notebooks,North,Individual,23,11.53,0.11,236.02
2024-06-22,Notebooks,South,Business,78,100.55,0.29,5568.46
2024-04-02,Notebooks,North,Business,64,65.26,0.27,3048.95
2024-05-14,Notebooks,South,Individual,70,7.04,0.2,394.24
2024-11-13,Notebooks,West,Individual,62,157.94,0.27,7148.36
2024-08-22,Pens,East,Individual,32,130.67,0.11,3721.48
2024-02-20,Paper,West,Individual,50,18.66,0.13,811.71
2024-06-20,Notebooks,East,Individual,82,90.72,0.2,5951.23
2024-08-04,Paper,West,Individual,12,193.91,0.03,2257.11
2024-04-06,Pens,West,Business,74,93.14,0.09,6272.05
2024-10-02,Notebooks,North,Business,84,130.14,0.17,9073.36
2024-02-07,Paper,South,Business,23,8.82,0.12,178.52
2024-10-20,Printers,West,Individual,19,125.01,0.01,2351.44
2024-11-02,Pens,East,Individual,89,93.06,0.23,6377.4
2024-03-10,Notebooks,North,Business,76,104.22,0.17,6574.2
2024-05-09,Pens,East,Individual,72,144.31,0.08,9559.09
2024-06-16,Printers,North,Individual,73,57.68,0.11,3747.47
2024-10-31,Printers,West,Individual,4,153.06,0.13,532.65
2024-08-13,Paper,North,Individual,55,37.6,0.13,1799.16
2024-05-15,Pens,North,Individual,97,6.39,0.06,582.64
2024-01-16,Notebooks,South,Individual,13,105.46,0.18,1124.2
2024-09-22,Printers,East,Business,95,107.17,0.06,9570.28
2024-06-05,Paper,West,Individual,86,54.49,0.09,4264.39
2024-10-30,Paper,South,Business,88,15.94,0.21,1108.15
2024-09-20,Printers,West,Individual,95,133.49,0.3,8877.09
2024-05-07,Notebooks,West,Business,28,53.93,0.13,1313.73
2024-09-01,Printers,East,Business,80,143.17,0.24,8704.74
2024-02-08,Paper,South,Business,35,161.07,0.27,4115.34
2024-03-20,Printers,South,Individual,28,14.69,0.02,403.09
2024-03-27,Notebooks,North,Individual,70,147.14,0.22,8033.84
2024-07-25,Paper,East,Business,6,45.15,0.22,211.3
2024-07-26,Paper,North,Individual,20,158.01,0.23,2433.35
2024-08-19,Notebooks,North,Individual,26,11.09,0.01,285.46
2024-08-06,Notebooks,West,Individual,69,129.47,0.12,7861.42
2024-06-16,Printers,South,Individual,4,72.89,0.28,209.92
2024-05-19,Printers,North,Individual,99,16.03,0.15,1348.92
2024-03-27,Paper,North,Business,29,35.03,0.12,893.97
2024-03-15,Paper,East,Business,80,104.24,0.04,8005.63
2024-10-26,Printers,South,Individual,65,108.87,0.06,6651.96
2024-05-13,Pens,North,Business,47,28.84,0.2,1084.38
2024-10-29,Pens,East,Business,5,87.97,0.29,312.29
2024-12-13,Printers,East,Business,13,31.76,0.21,326.18
2024-07-05,Pens,East,Individual,75,121.76,0.23,7031.64
2024-04-06,Notebooks,North,Business,4,130.32,0.1,469.15
2024-08-04,Printers,West,Business,72,101.03,0.02,7128.68
2024-03-29,Printers,North,Business,3,164.03,0.26,364.15
2024-12-16,Paper,North,Business,22,133.86,0.25,2208.69
2024-08-14,Printers,East,Business,67,154.6,0.19,8390.14
2024-08-01,Notebooks,North,Individual,6,13.52,0.26,60.03
2024-11-22,Paper,West,Business,92,187.88,0.06,16247.86
2024-11-22,Printers,West,Individual,60,190.4,0.29,8111.04
2024-11-01,Pens,South,Individual,82,76.56,0.23,4834.0
2024-10-25,Printers,South,Individual,27,39.5,0.02,1045.17
2024-03-12,Notebooks,North,Business,8,104.21,0.27,608.59
2024-03-30,Pens,North,Business,39,31.83,0.01,1228.96
2024-12-20,Printers,South,Business,87,61.95,0.12,4742.89
2024-07-02,Pens,East,Business,74,43.68,0.18,2650.5
2024-06-06,Paper,North,Business,15,68.89,0.05,981.68
2024-01-15,Printers,North,Individual,3,12.1,0.29,25.77
2024-06-14,Pens,East,Individual,66,92.49,0.13,5310.78
2024-11-19,Printers,West,Individual,8,39.66,0.05,301.42
2024-12-13,Paper,East,Individual,45,16.74,0.26,557.44
2024-08-26,Printers,West,Individual,10,84.24,0.21,665.5
2024-08-08,Printers,East,Business,43,158.37,0.08,6265.12
2024-10-21,Notebooks,South,Individual,97,152.09,0.09,13424.98
2024-05-30,Pens,South,Business,84,22.98,0.2,1544.26
2024-12-13,Pens,South,Individual,35,16.53,0.21,457.05
2024-03-02,Notebooks,South,Individual,74,70.51,0.01,5165.56
2024-12-28,Paper,East,Individual,91,21.69,0.03,1914.58
2024-11-02,Pens,East,Business,72,108.29,0.23,6003.6
2024-07-29,Paper,South,Business,66,6.19,0.28,294.15
2024-10-31,Printers,South,Business,50,99.02,0.02,4851.98
2024-10-19,Pens,East,Individual,99,133.52,0.18,10839.15
2024-10-11,Paper,East,Business,35,122.02,0.21,3373.85
2024-12-12,Printers,South,Business,49,156.91,0.02,7534.82
2024-08-01,Notebooks,East,Individual,14,35.37,0.17,411.0
2024-07-10,Pens,East,Business,4,19.79,0.03,76.79
2024-02-01,Notebooks,North,Business,97,76.32,0.04,7106.92
2024-12-23,Notebooks,East,Business,39,169.17,0.28,4750.29
2024-02-11,Printers,North,Business,33,78.72,0.24,1974.3
2024-07-23,Printers,North,Business,92,55.83,0.06,4828.18
2024-08-15,Paper,North,Business,26,157.17,0.11,3636.91
2024-11-29,Pens,North,Individual,27,87.97,0.22,1852.65
2024-12-11,Pens,East,Individual,11,113.54,0.26,924.22
2024-05-28,Notebooks,East,Individual,59,113.13,0.12,5873.71
2024-09-13,Notebooks,North,Business,10,104.04,0.02,1019.59
2024-05-25,Paper,North,Business,70,81.46,0.19,4618.78
2024-12-29,Pens,South,Business,43,198.84,0.28,6156.09
2024-12-03,Pens,South,Individual,76,165.02,0.12,11036.54
2024-11-08,Notebooks,East,Individual,72,42.05,0.08,2785.39
2024-09-09,Notebooks,East,Individual,58,76.07,0.01,4367.94
2024-08-13,Pens,West,Individual,56,130.79,0.1,6591.82
2024-06-13,Pens,East,Business,47,182.33,0.17,7112.69
2024-09-28,Pens,South,Individual,29,59.48,0.03,1673.17
2024-03-20,Paper,East,Individual,30,169.04,0.06,4766.93
2024-01-22,Printers,West,Business,40,46.36,0.18,1520.61
2024-07-19,Notebooks,North,Business,16,100.3,0.18,1315.94
2024-11-17,Notebooks,West,Individual,24,67.95,0.02,1598.18
2024-10-12,Paper,North,Individual,62,134.67,0.18,6846.62
2024-06-22,Notebooks,West,Business,26,182.84,0.05,4516.15
2024-11-29,Notebooks,North,Individual,17,122.25,0.22,1621.04
2024-08-17,Paper,North,Individual,52,172.28,0.02,8779.39
2024-01-26,Paper,South,Individual,61,142.81,0.22,6794.9
2024-10-25,Printers,West,Individual,9,9.12,0.13,71.41
2024-04-24,Pens,North,Business,28,13.39,0.11,333.68
2024-01-07,Notebooks,North,Business,98,111.51,0.1,9835.18
2024-04-21,Printers,East,Business,39,114.27,0.15,3788.05
2024-04-01,Pens,South,Business,39,109.61,0.25,3206.09
2024-03-23,Notebooks,West,Individual,8,17.33,0.12,122.0
2024-09-02,Printers,East,Business,12,107.99,0.01,1282.92
2024-09-19,Notebooks,North,Individual,74,155.91,0.05,10960.47
2024-08-13,Paper,North,Individual,32,30.39,0.1,875.23
2024-06-20,Paper,South,Individual,34,145.31,0.24,3754.81
2024-11-27,Pens,North,Individual,48,184.51,0.07,8236.53
2024-06-15,Pens,East,Business,40,124.98,0.2,3999.36
2024-07-26,Paper,West,Individual,6,146.75,0.22,686.79
2024-04-05,Pens,North,Individual,76,196.77,0.28,10767.25
2024-12-28,Pens,North,Individual,84,147.46,0.17,10280.91
2024-03-25,Paper,East,Business,21,46.3,0.24,738.95
2024-09-27,Pens,North,Business,71,46.72,0.22,2587.35
2024-03-03,Notebooks,West,Individual,93,133.2,0.11,11024.96
2024-08-26,Pens,South,Business,82,190.61,0.22,12191.42
2024-06-13,Paper,North,Business,85,139.84,0.02,11648.67
2024-07-04,Paper,North,Individual,44,111.89,0.0,4923.16
2024-07-06,Printers,East,Business,96,100.91,0.09,8815.5
2024-07-05,Printers,West,Individual,75,121.17,0.22,7088.45
2024-12-22,Pens,South,Business,72,183.85,0.02,12972.46
2024-10-09,Notebooks,East,Business,20,34.54,0.2,552.64
2024-01-16,Paper,North,Individual,55,150.64,0.05,7870.94
2024-02-16,Pens,East,Individual,98,151.41,0.02,14541.42
2024-06-20,Notebooks,South,Business,91,7.27,0.21,522.64
2024-03-13,Notebooks,West,Business,78,3.34,0.09,237.07
2024-09-27,Printers,North,Business,11,57.55,0.13,550.75
2024-04-28,Printers,South,Individual,22,38.0,0.12,735.68
2024-08-16,Notebooks,West,Individual,64,162.0,0.21,8190.72
2024-03-09,Pens,East,Individual,26,126.77,0.18,2702.74
2024-09-09,Notebooks,West,Business,36,195.77,0.15,5990.56
2024-12-01,Printers,South,Individual,19,41.33,0.13,683.18
2024-10-16,Pens,South,Individual,12,102.9,0.1,1111.32
2024-04-17,Notebooks,North,Individual,38,145.23,0.01,5463.55
2024-04-18,Pens,South,Individual,87,107.25,0.23,7184.68
2024-07-03,Printers,South,Business,37,84.09,0.27,2271.27
2024-01-31,Printers,East,Individual,86,129.19,0.04,10665.93
2024-11-20,Paper,North,Individual,22,42.26,0.02,911.13
2024-03-06,Pens,North,Individual,53,158.34,0.08,7720.66
2024-06-11,Paper,West,Individual,70,194.79,0.22,10635.53
2024-08-15,Printers,East,Individual,58,70.82,0.22,3203.9
2024-05-02,Notebooks,West,Business,33,27.24,0.0,898.92
2024-08-19,Pens,East,Individual,23,197.31,0.19,3675.89
2024-08-18,Pens,South,Individual,47,103.39,0.2,3887.46
2024-02-08,Printers,West,Business,64,52.76,0.22,2633.78
2024-06-25,Notebooks,East,Individual,30,49.74,0.19,1208.68
2024-08-09,Notebooks,West,Business,31,178.54,0.11,4925.92
2024-11-04,Pens,North,Individual,80,4.14,0.11,294.77
2024-05-19,Paper,South,Business,72,143.11,0.19,8346.18
2024-09-19,Notebooks,East,Business,7,178.96,0.19,1014.7
2024-12-04,Printers,East,Individual,37,174.01,0.03,6245.22
2024-11-26,Paper,West,Individual,58,121.89,0.26,5231.52
2024-11-24,Paper,North,Business,34,35.34,0.14,1033.34
2024-05-21,Printers,South,Individual,71,73.77,0.08,4818.66
2024-11-15,Paper,South,Individual,25,162.0,0.2,3240.0
2024-11-01,Pens,West,Individual,25,1.88,0.16,39.48
2024-09-22,Paper,East,Business,58,119.86,0.14,5978.62
2024-02-10,Paper,South,Business,20,124.24,0.12,2186.62
2024-05-29,Notebooks,South,Individual,48,184.15,0.15,7513.32
2024-05-05,Paper,South,Individual,36,63.49,0.23,1759.94
2024-02-14,Pens,West,Business,49,194.76,0.2,7634.59
2024-10-16,Printers,South,Business,52,1.22,0.02,62.17
2024-03-25,Notebooks,North,Business,21,161.66,0.01,3360.91
2024-04-09,Paper,North,Business,35,116.04,0.18,3330.35
2024-05-20,Printers,South,Individual,92,121.05,0.23,8575.18
2024-05-02,Pens,East,Individual,99,75.5,0.1,6727.05
2024-10-25,Printers,East,Individual,43,109.64,0.23,3630.18
2024-01-20,Notebooks,West,Business,25,59.98,0.06,1409.53
2024-05-07,Paper,North,Individual,80,164.22,0.0,13137.6
2024-12-12,Printers,East,Business,7,75.67,0.2,423.75
2024-08-31,Paper,North,Business,50,35.4,0.24,1345.2
2024-12-06,Pens,North,Business,13,18.52,0.06,226.31
2024-01-22,Notebooks,East,Business,79,189.3,0.12,13160.14
2024-07-04,Printers,West,Individual,38,153.33,0.29,4136.84
2024-03-04,Pens,South,Business,99,155.84,0.1,13885.34
2024-04-23,Pens,South,Individual,68,38.56,0.16,2202.55
2024-07-18,Notebooks,South,Individual,94,177.85,0.19,13541.5
2024-06-23,Pens,West,Business,88,30.85,0.23,2090.4
2024-11-07,Paper,North,Business,2,173.14,0.23,266.64
2024-06-07,Paper,South,Business,29,176.93,0.15,4361.32
2024-07-11,Notebooks,South,Business,56,77.92,0.22,3403.55
2024-01-16,Printers,South,Business,26,153.13,0.26,2946.22
2024-05-12,Notebooks,North,Business,11,165.9,0.12,1605.91
2024-07-02,Printers,East,Business,28,108.9,0.09,2774.77
2024-03-23,Printers,East,Individual,66,64.65,0.09,3882.88
2024-02-24,Paper,South,Individual,97,198.91,0.0,19294.27
2024-08-30,Printers,East,Business,27,130.42,0.14,3028.35
2024-03-07,Notebooks,West,Individual,18,141.67,0.0,2550.06
2024-08-22,Pens,North,Business,79,14.82,0.17,971.75
2024-12-16,Pens,East,Individual,97,119.15,0.1,10401.8
2024-08-24,Paper,North,Business,98,194.52,0.1,17156.66
2024-10-08,Printers,East,Individual,87,7.66,0.14,573.12
2024-12-06,Printers,South,Business,22,147.14,0.0,3237.08
2024-10-27,Printers,East,Individual,17,137.82,0.15,1991.5
2024-10-26,Notebooks,South,Business,5,147.89,0.18,606.35
2024-01-25,Printers,North,Business,73,37.24,0.05,2582.59
2024-02-09,Notebooks,West,Business,43,35.0,0.01,1489.95
2024-02-25,Printers,West,Individual,46,80.77,0.18,3046.64
2024-08-02,Paper,East,Business,44,53.79,0.13,2059.08
2024-11-26,Printers,North,Business,17,27.93,0.08,436.83
2024-05-22,Printers,South,Business,70,111.09,0.19,6298.8
2024-03-08,Paper,East,Business,23,61.75,0.23,1093.59
2024-07-04,Notebooks,West,Business,33,92.78,0.3,2143.22
2024-05-03,Paper,North,Individual,74,52.27,0.03,3751.94
2024-03-02,Printers,East,Business,8,126.19,0.0,1009.52
2024-07-28,Printers,West,Individual,47,40.94,0.2,1539.34
2024-12-14,Pens,East,Individual,84,126.62,0.04,10210.64
2024-01-09,Pens,West,Individual,64,41.62,0.01,2637.04
2024-07-01,Pens,West,Business,95,190.35,0.16,15189.93
2024-05-24,Notebooks,South,Business,51,159.89,0.08,7502.04
2024-12-01,Notebooks,West,Business,72,16.64,0.07,1114.21
2024-09-05,Notebooks,West,Individual,90,34.53,0.07,2890.16
2024-08-15,Paper,North,Individual,3,24.62,0.25,55.4
2024-08-09,Paper,North,Individual,82,36.89,0.03,2934.23
2024-01-29,Printers,North,Individual,21,140.49,0.09,2684.76
2024-02-16,Notebooks,East,Business,78,108.46,0.17,7021.7
2024-06-01,Pens,East,Individual,5,79.48,0.25,298.05
2024-10-21,Pens,West,Business,72,45.45,0.18,2683.37
2024-02-03,Paper,East,Business,36,62.02,0.24,1696.87
2024-05-22,Pens,East,Individual,90,157.8,0.08,13065.84
2024-10-09,Pens,East,Individual,57,7.74,0.17,366.18
2024-01-15,Notebooks,North,Business,89,168.41,0.15,12740.22
2024-01-26,Pens,East,Business,70,45.26,0.26,2344.47
2024-10-13,Paper,West,Business,40,104.98,0.08,3863.26
2024-06-15,Pens,East,Business,62,165.05,0.07,9516.78
2024-12-10,Pens,South,Business,100,5.58,0.29,396.18
2024-11-07,Pens,North,Business,3,36.05,0.3,75.7
2024-07-16,Printers,East,Individual,24,79.3,0.14,1636.75
2024-03-22,Notebooks,East,Business,15,159.01,0.05,2265.89
2024-03-24,Paper,North,Individual,5,159.96,0.2,639.84
2024-07-13,Notebooks,East,Business,44,141.38,0.06,5847.48
2024-12-02,Paper,South,Business,69,183.77,0.28,9129.69
2024-09-21,Pens,South,Individual,3,150.71,0.21,357.18
2024-01-14,Pens,North,Business,43,137.17,0.29,4187.8
2024-02-10,Paper,West,Business,44,42.31,0.14,1601.01
2024-08-20,Paper,West,Business,71,89.19,0.06,5952.54
2024-06-28,Notebooks,East,Individual,47,178.24,0.04,8042.19
2024-01-01,Paper,West,Business,54,164.66,0.26,6579.81
2024-01-09,Printers,East,Business,20,33.61,0.05,638.59
2024-09-28,Notebooks,North,Business,70,124.49,0.19,7058.58
2024-09-10,Paper,East,Individual,21,94.18,0.05,1878.89
2024-10-18,Notebooks,North,Business,24,47.32,0.06,1067.54
2024-08-11,Paper,North,Individual,43,43.74,0.01,1862.01
2024-11-17,Paper,West,Business,80,99.15,0.21,6266.28
2024-08-24,Notebooks,South,Individual,5,128.26,0.25,480.98
2024-12-10,Paper,West,Individual,93,140.64,0.17,10856.0
2024-10-28,Notebooks,North,Individual,21,160.53,0.2,2696.9
2024-11-02,Pens,East,Individual,25,179.29,0.12,3944.38
2024-03-04,Paper,South,Individual,9,172.69,0.01,1538.67
2024-08-14,Paper,South,Business,22,20.12,0.11,393.95
2024-07-29,Printers,West,Business,54,6.69,0.1,325.13
2024-04-21,Notebooks,South,Business,19,141.46,0.02,2633.99
2024-03-22,Printers,East,Individual,21,42.55,0.04,857.81
2024-01-12,Printers,West,Business,100,162.07,0.18,13289.74
2024-07-19,Notebooks,East,Individual,30,133.81,0.06,3773.44
2024-04-20,Printers,South,Business,87,124.0,0.2,8630.4
2024-12-31,Paper,East,Business,42,124.18,0.29,3703.05
2024-09-03,Paper,East,Individual,85,65.61,0.05,5298.01
2024-01-13,Printers,South,Business,54,10.54,0.16,478.09
2024-08-17,Paper,East,Individual,94,100.98,0.06,8922.59
2024-03-04,Paper,North,Individual,20,21.49,0.2,343.84
2024-07-26,Notebooks,East,Business,12,88.81,0.12,937.83
2024-09-30,Printers,South,Business,85,36.3,0.05,2931.22
2024-09-15,Paper,West,Business,83,125.31,0.19,8424.59
2024-07-17,Pens,North,Business,52,88.33,0.13,3996.05
2024-09-23,Paper,North,Individual,2,37.11,0.11,66.06
2024-05-11,Printers,West,Business,58,129.85,0.09,6853.48
2024-01-24,Printers,South,Individual,25,141.2,0.04,3388.8
2024-12-18,Notebooks,East,Individual,4,131.97,0.14,453.98
2024-11-15,Printers,West,Individual,28,161.74,0.26,3351.25
2024-01-15,Paper,West,Individual,61,45.38,0.05,2629.77
2024-04-23,Notebooks,West,Business,20,99.61,0.04,1912.51
2024-10-31,Printers,East,Business,32,163.32,0.28,3762.89
2024-01-11,Notebooks,East,Business,42,108.97,0.05,4347.9
2024-12-07,Paper,South,Business,49,186.86,0.06,8606.77
2024-09-21,Notebooks,West,Business,42,183.33,0.02,7545.86
2024-03-05,Notebooks,East,Individual,100,90.46,0.07,8412.78
2024-07-19,Printers,North,Individual,95,30.63,0.04,2793.46
2024-02-27,Pens,East,Business,81,125.53,0.27,7422.59
2024-07-05,Pens,South,Individual,61,87.36,0.21,4209.88
2024-08-03,Notebooks,West,Individual,26,95.1,0.12,2175.89
2024-09-23,Pens,South,Individual,89,40.71,0.15,3079.71
2024-06-30,Printers,South,Business,63,32.58,0.09,1867.81
2024-07-16,Paper,North,Business,83,45.81,0.2,3041.78
2024-03-14,Pens,North,Individual,94,12.92,0.08,1117.32
2024-03-06,Printers,North,Business,31,34.53,0.17,888.46
2024-04-03,Printers,East,Individual,24,17.94,0.13,374.59
2024-10-11,Notebooks,South,Business,50,132.57,0.28,4772.52
2024-05-29,Notebooks,East,Business,36,127.15,0.09,4165.43
2024-01-02,Printers,South,Business,34,62.13,0.01,2091.3
2024-01-27,Paper,North,Individual,49,73.83,0.08,3328.26
2024-05-14,Paper,South,Business,23,125.69,0.05,2746.33
2024-10-09,Pens,North,Individual,57,105.95,0.19,4891.71
2024-06-17,Printers,North,Business,32,81.56,0.14,2244.53
2024-09-16,Pens,South,Business,52,78.9,0.25,3077.1
2024-08-21,Pens,West,Individual,66,80.24,0.12,4660.34
2024-11-22,Pens,West,Business,17,69.78,0.23,913.42
2024-10-27,Notebooks,West,Business,10,177.2,0.14,1523.92
2024-10-27,Pens,West,Business,52,54.76,0.1,2562.77
2024-08-27,Pens,West,Business,39,171.83,0.05,6366.3
2024-01-17,Pens,North,Business,39,68.48,0.05,2537.18
2024-04-03,Paper,East,Individual,47,105.55,0.1,4464.76
2024-02-02,Paper,South,Business,54,126.77,0.07,6366.39
2024-10-20,Pens,West,Individual,97,175.48,0.29,12085.31
2024-01-26,Printers,North,Individual,95,108.58,0.17,8561.53
2024-09-09,Printers,North,Business,82,163.52,0.16,11263.26
2024-12-23,Pens,East,Individual,76,126.84,0.23,7422.68
2024-05-13,Pens,South,Business,14,73.84,0.27,754.64
2024-08-16,Notebooks,West,Business,32,21.77,0.15,592.14
2024-11-17,Printers,South,Individual,19,150.59,0.25,2145.91
2024-09-18,Paper,West,Individual,85,76.26,0.24,4926.4
2024-10-08,Notebooks,South,Individual,31,38.1,0.07,1098.42
2024-09-13,Pens,South,Business,52,53.11,0.06,2596.02
2024-03-20,Paper,East,Business,13,110.09,0.16,1202.18
2024-09-14,Printers,South,Business,56,175.1,0.19,7942.54
2024-01-30,Pens,South,Business,52,199.82,0.09,9455.48
2024-10-06,Paper,North,Business,16,50.31,0.17,668.12
2024-06-20,Paper,North,Individual,65,6.47,0.03,407.93
2024-05-02,Pens,East,Business,88,74.29,0.06,6145.27
2024-08-15,Pens,South,Business,22,48.21,0.01,1050.01
2024-11-30,Printers,South,Business,38,14.17,0.07,500.77
2024-11-21,Paper,South,Business,73,110.66,0.02,7916.62
2024-03-19,Printers,North,Individual,56,30.41,0.07,1583.75
2024-10-13,Pens,South,Business,21,12.15,0.08,234.74
2024-08-19,Paper,South,Business,78,16.4,0.28,921.02
2024-12-01,Notebooks,South,Business,70,23.66,0.24,1258.71
2024-01-09,Pens,East,Business,1,173.96,0.11,154.82
2024-04-11,Pens,South,Individual,67,38.44,0.27,1880.1
2024-03-13,Notebooks,West,Business,61,149.55,0.02,8940.1
2024-02-24,Pens,North,Business,59,137.63,0.19,6577.34
2024-01-23,Pens,West,Individual,11,21.65,0.09,216.72
2024-05-09,Paper,South,Individual,65,23.82,0.17,1285.09
2024-09-03,Paper,West,Individual,88,64.43,0.05,5386.35
2024-09-12,Paper,East,Individual,11,147.01,0.3,1131.98
2024-07-16,Printers,East,Business,49,32.38,0.2,1269.3
2024-06-24,Paper,West,Business,50,50.27,0.01,2488.36
2024-02-12,Paper,North,Individual,16,29.58,0.21,373.89
2024-06-26,Notebooks,East,Individual,85,1.25,0.12,93.5
2024-03-01,Paper,North,Business,37,123.62,0.15,3887.85
2024-11-21,Notebooks,South,Business,90,62.47,0.13,4891.4
2024-10-20,Printers,North,Individual,4,15.08,0.15,51.27
2024-11-24,Pens,East,Individual,30,47.58,0.1,1284.66
2024-10-23,Printers,South,Business,24,24.27,0.3,407.74
2024-03-25,Pens,North,Individual,80,117.13,0.25,7027.8
2024-07-03,Pens,East,Individual,71,181.4,0.14,11076.28
2024-01-28,Pens,East,Business,84,109.81,0.19,7471.47
2024-04-12,Printers,South,Business,77,48.12,0.13,3223.56
2024-09-18,Printers,East,Business,59,44.77,0.04,2535.77
2024-11-07,Notebooks,South,Business,52,140.61,0.26,5410.67
2024-06-12,Notebooks,East,Individual,58,179.13,0.14,8935.0
2024-05-14,Notebooks,West,Individual,54,45.02,0.16,2042.11
2024-04-13,Paper,East,Individual,38,36.81,0.11,1244.91
2024-09-15,Paper,West,Business,91,145.06,0.12,11616.4
2024-06-12,Notebooks,South,Individual,44,132.43,0.1,5244.23
2024-02-20,Notebooks,East,Individual,21,99.78,0.16,1760.12
2024-04-19,Paper,West,Individual,46,181.27,0.22,6503.97
2024-11-17,Pens,East,Business,27,129.3,0.08,3211.81
2024-06-19,Pens,East,Business,53,93.86,0.14,4278.14
2024-10-21,Printers,North,Business,81,155.93,0.22,9851.66
2024-04-15,Pens,West,Individual,98,91.82,0.09,8188.51
2024-02-29,Printers,South,Business,76,198.21,0.15,12804.37
2024-02-13,Printers,West,Individual,99,188.15,0.07,17322.97
2024-01-08,Printers,East,Individual,22,9.62,0.2,169.31
2024-02-27,Notebooks,North,Business,92,32.17,0.16,2486.1
2024-01-23,Notebooks,South,Business,88,24.38,0.12,1887.99
2024-03-21,Paper,East,Business,54,154.59,0.15,7095.68
2024-04-23,Notebooks,South,Individual,20,5.35,0.05,101.65
2024-12-29,Paper,North,Business,15,53.98,0.03,785.41
2024-11-09,Notebooks,West,Individual,88,89.45,0.29,5588.84
2024-02-06,Notebooks,South,Individual,79,96.97,0.15,6511.54
2024-12-30,Printers,North,Individual,84,124.42,0.0,10451.28
2024-06-01,Paper,North,Individual,100,152.81,0.03,14822.57
2024-12-15,Printers,West,Business,46,149.55,0.17,5709.82
2024-05-30,Paper,West,Individual,85,38.39,0.3,2284.2
2024-06-15,Pens,North,Individual,11,18.85,0.01,205.28
2024-04-11,Notebooks,North,Individual,15,190.32,0.05,2712.06
2024-02-02,Paper,West,Individual,2,97.6,0.2,156.16
2024-06-02,Notebooks,North,Business,35,130.46,0.19,3698.54
2024-08-28,Notebooks,North,Business,34,48.15,0.29,1162.34
2024-08-08,Notebooks,South,Individual,92,118.2,0.09,9895.7
2024-12-25,Pens,West,Business,88,161.57,0.27,10379.26
2024-06-12,Notebooks,South,Business,61,179.35,0.29,7767.65
2024-09-09,Pens,West,Individual,36,183.13,0.25,4944.51
2024-02-23,Notebooks,West,Business,74,24.12,0.27,1302.96
2024-06-07,Notebooks,North,Individual,21,56.17,0.24,896.47
2024-12-29,Paper,South,Individual,56,93.46,0.12,4605.71
2024-02-16,Notebooks,East,Individual,15,158.51,0.05,2258.77
2024-03-03,Paper,East,Business,52,30.53,0.09,1444.68
2024-08-04,Paper,East,Individual,53,141.94,0.15,6394.4
2024-09-22,Printers,South,Individual,38,16.27,0.23,476.06
2024-01-30,Printers,West,Individual,95,26.44,0.07,2335.97
2024-03-12,Notebooks,East,Business,2,68.44,0.29,97.18
2024-01-06,Notebooks,North,Individual,35,60.92,0.04,2046.91
2024-05-09,Paper,West,Business,87,174.11,0.07,14087.24
2024-02-23,Pens,North,Individual,39,119.43,0.16,3912.53
2024-01-10,Paper,West,Individual,59,42.18,0.07,2314.42
2024-08-07,Pens,West,Individual,97,112.28,0.2,8712.93
2024-09-13,Paper,South,Individual,27,31.86,0.09,782.8
2024-02-15,Pens,South,Business,94,187.19,0.1,15836.27
2024-08-30,Pens,South,Individual,89,91.35,0.18,6666.72
2024-05-27,Notebooks,South,Business,90,128.13,0.26,8533.46
2024-01-12,Pens,North,Individual,13,150.31,0.05,1856.33
2024-08-05,Pens,South,Business,12,105.28,0.28,909.62
2024-10-31,Printers,West,Business,85,113.92,0.17,8037.06
2024-11-04,Paper,East,Individual,90,3.6,0.04,311.04
2024-02-01,Notebooks,South,Individual,98,49.66,0.24,3698.68
2024-01-24,Pens,East,Business,89,56.19,0.19,4050.74
2024-05-19,Pens,East,Individual,37,148.22,0.17,4551.84
2024-04-12,Printers,East,Individual,27,124.54,0.08,3093.57
2024-03-02,Pens,North,Business,18,18.16,0.13,284.39
2024-08-15,Printers,East,Business,32,134.43,0.19,3484.43
2024-05-13,Pens,North,Business,70,110.26,0.19,6251.74
2024-01-22,Pens,North,Business,98,81.72,0.26,5926.33
2024-03-14,Paper,North,Business,64,86.49,0.06,5203.24
2024-09-15,Pens,West,Individual,92,53.31,0.18,4021.71
2024-09-10,Printers,North,Individual,7,165.28,0.28,833.01
2024-12-29,Printers,North,Business,17,115.84,0.15,1673.89
2024-03-03,Printers,West,Business,14,151.97,0.07,1978.65
2024-04-15,Printers,North,Business,99,136.27,0.16,11332.21
2024-03-07,Printers,West,Business,51,66.56,0.06,3190.89
2024-03-23,Printers,West,Business,4,172.96,0.2,553.47
2024-01-17,Notebooks,South,Individual,55,168.32,0.04,8887.3
2024-08-09,Printers,West,Business,84,146.73,0.21,9737.0
2024-11-30,Printers,North,Individual,23,15.55,0.12,314.73
2024-12-27,Paper,South,Business,89,43.97,0.26,2895.86
2024-05-12,Printers,North,Individual,50,172.55,0.14,7419.65
2024-06-08,Paper,South,Individual,2,121.45,0.24,184.6
2024-01-11,Pens,East,Business,44,63.39,0.19,2259.22
2024-09-13,Paper,North,Business,90,75.74,0.2,5453.28
2024-09-11,Pens,West,Individual,34,160.54,0.16,4585.02
2024-06-07,Notebooks,West,Individual,93,74.72,0.21,5489.68
2024-09-08,Pens,North,Individual,50,68.2,0.17,2830.3
2024-09-04,Pens,North,Individual,97,50.09,0.02,4761.56
2024-08-26,Printers,East,Business,94,184.79,0.14,14938.42
2024-01-07,Notebooks,East,Business,38,42.48,0.13,1404.39
2024-06-20,Notebooks,South,Business,14,134.69,0.03,1829.09
2024-09-30,Notebooks,North,Individual,27,4.02,0.09,98.77
2024-10-07,Printers,North,Individual,97,88.71,0.11,7658.33
2024-12-26,Printers,West,Business,95,145.8,0.03,13435.47
2024-03-20,Pens,South,Individual,3,25.63,0.26,56.9
2024-01-13,Notebooks,North,Individual,63,132.38,0.27,6088.16
2024-06-04,Printers,North,Business,98,144.82,0.13,12347.35
2024-05-11,Printers,South,Business,47,5.87,0.22,215.19
2024-08-01,Paper,West,Individual,85,102.09,0.27,6334.68
2024-09-18,Notebooks,West,Individual,19,196.02,0.28,2681.55
2024-11-04,Notebooks,North,Business,35,79.97,0.3,1959.26
2024-04-02,Printers,West,Individual,84,39.51,0.22,2588.7
2024-10-08,Notebooks,South,Business,39,113.17,0.21,3486.77
2024-08-04,Paper,West,Individual,78,154.11,0.27,8775.02
2024-04-07,Printers,North,Individual,38,173.52,0.27,4813.44
2024-06-18,Printers,West,Individual,36,74.36,0.13,2328.96
2024-09-05,Printers,East,Business,4,124.2,0.14,427.25
2024-05-26,Pens,South,Business,1,75.48,0.14,64.91
2024-05-03,Printers,South,Business,43,27.73,0.19,965.84
2024-03-26,Printers,East,Individual,70,9.18,0.08,591.19
2024-10-30,Notebooks,South,Business,86,148.87,0.07,11906.62
2024-09-03,Pens,North,Business,60,97.42,0.06,5494.49
2024-07-26,Paper,North,Individual,20,141.48,0.24,2150.5
2024-10-26,Paper,South,Business,68,128.62,0.23,6734.54
2024-06-08,Pens,North,Individual,3,32.97,0.14,85.06
2024-01-09,Notebooks,South,Individual,53,188.01,0.05,9466.3
2024-09-14,Printers,West,Individual,41,77.49,0.27,2319.28
2024-07-05,Pens,North,Business,93,150.75,0.08,12898.17
2024-05-05,Pens,North,Business,71,138.17,0.18,8044.26
2024-10-01,Paper,East,Business,76,85.51,0.24,4939.06
2024-12-09,Paper,East,Business,9,128.35,0.21,912.57
2024-06-30,Pens,West,Individual,70,191.67,0.19,10867.69
2024-10-24,Printers,South,Individual,54,32.0,0.16,1451.52
2024-02-07,Pens,West,Individual,25,15.87,0.2,317.4
2024-02-09,Paper,North,Individual,89,136.02,0.1,10895.2
2024-07-24,Printers,South,Business,27,76.96,0.28,1496.1
2024-03-25,Printers,West,Business,77,88.59,0.01,6753.22
2024-12-20,Pens,East,Business,51,51.19,0.06,2454.05
2024-10-19,Printers,East,Business,67,82.54,0.26,4092.33
2024-09-25,Paper,West,Business,10,136.63,0.29,970.07
2024-07-18,Printers,North,Individual,80,53.64,0.18,3518.78
2024-05-13,Pens,East,Business,69,6.08,0.24,318.84
2024-03-28,Pens,East,Business,82,70.98,0.11,5180.12
2024-06-07,Paper,North,Business,33,117.63,0.07,3610.06
2024-11-20,Pens,North,Business,61,29.14,0.12,1564.24
2024-04-30,Paper,West,Individual,41,61.62,0.01,2501.16
2024-03-22,Printers,South,Individual,28,193.62,0.24,4120.23
2024-11-01,Paper,East,Business,96,89.17,0.3,5992.22
2024-04-20,Paper,West,Individual,4,124.97,0.27,364.91
2024-08-18,Pens,North,Individual,73,110.56,0.07,7505.92
2024-08-05,Paper,West,Individual,73,190.21,0.17,11524.82
2024-10-31,Pens,South,Business,97,164.57,0.21,12611.0
2024-03-09,Pens,West,Business,19,73.97,0.18,1152.45
2024-08-08,Paper,East,Individual,98,99.9,0.21,7734.26
2024-08-17,Paper,South,Business,28,59.86,0.03,1625.8
2024-06-08,Pens,West,Business,56,198.22,0.1,9990.29
2024-01-14,Printers,East,Business,67,123.58,0.17,6872.28
2024-12-20,Pens,West,Business,15,178.45,0.06,2516.14
2024-01-07,Printers,West,Individual,77,34.46,0.24,2016.6
2024-08-01,Notebooks,East,Business,15,29.07,0.12,383.72
2024-06-07,Paper,East,Business,5,61.2,0.13,266.22
2024-05-20,Pens,North,Business,69,160.25,0.07,10283.24
2024-03-23,Pens,West,Business,71,1.89,0.09,122.11
2024-01-02,Notebooks,West,Individual,94,85.34,0.22,6257.13
2024-06-13,Pens,North,Business,40,104.51,0.25,3135.3
2024-09-13,Printers,South,Business,23,20.95,0.05,457.76
2024-04-29,Printers,West,Business,24,165.39,0.26,2937.33
2024-10-17,Paper,North,Business,86,135.23,0.08,10699.4
2024-04-03,Paper,West,Individual,87,39.04,0.04,3260.62
2024-01-02,Paper,East,Individual,46,139.53,0.21,5070.52
2024-02-14,Notebooks,East,Business,9,100.33,0.09,821.7
2024-01-30,Printers,South,Individual,17,82.3,0.26,1035.33
2024-11-21,Notebooks,South,Business,29,44.47,0.05,1225.15
2024-11-29,Pens,South,Business,38,20.5,0.13,677.73
2024-08-09,Notebooks,South,Individual,3,98.03,0.15,249.98
2024-08-18,Notebooks,West,Individual,79,151.94,0.03,11643.16
2024-08-10,Printers,West,Individual,19,57.74,0.18,899.59
2024-07-09,Notebooks,East,Business,59,164.64,0.15,8256.7
2024-01-12,Paper,West,Individual,83,152.12,0.09,11489.62
2024-07-02,Printers,West,Business,16,154.49,0.13,2150.5
2024-05-07,Notebooks,North,Business,9,125.85,0.02,1110.0
2024-01-23,Notebooks,East,Business,97,38.63,0.24,2847.8
2024-02-21,Notebooks,South,Business,80,111.23,0.17,7385.67
2024-05-02,Notebooks,West,Individual,38,107.36,0.12,3590.12
2024-03-29,Printers,South,Individual,75,109.13,0.2,6547.8
2024-01-27,Paper,East,Individual,39,91.0,0.22,2768.22
2024-05-14,Pens,North,Individual,70,122.65,0.17,7125.96
2024-09-07,Printers,East,Business,52,8.76,0.25,341.64
2024-04-24,Printers,North,Business,93,74.1,0.02,6753.47
2024-03-15,Printers,East,Individual,43,166.45,0.28,5153.29
2024-04-07,Printers,West,Business,51,185.9,0.14,8153.57
2024-11-06,Notebooks,East,Business,71,99.38,0.15,5997.58
2024-09-13,Notebooks,South,Individual,86,33.63,0.14,2487.27
2024-10-30,Printers,West,Individual,91,143.62,0.26,9671.37
2024-10-15,Paper,North,Individual,29,40.8,0.19,958.39
2024-11-08,Pens,West,Business,77,56.43,0.27,3171.93
2024-05-25,Printers,East,Individual,59,84.28,0.01,4922.79
2024-01-25,Paper,South,Individual,53,13.25,0.27,512.64
2024-05-18,Printers,East,Business,54,43.61,0.25,1766.2
2024-06-20,Printers,South,Individual,29,134.04,0.02,3809.42
2024-08-25,Paper,West,Individual,15,52.21,0.05,743.99
2024-10-22,Printers,West,Business,90,65.62,0.28,4252.18
2024-04-26,Printers,East,Business,25,80.5,0.24,1529.5
2024-04-30,Notebooks,North,Individual,49,114.55,0.29,3985.19
2024-04-23,Paper,North,Business,15,67.63,0.18,831.85
2024-06-02,Paper,North,Business,89,99.41,0.21,6989.52
2024-06-17,Notebooks,South,Business,42,76.42,0.11,2856.58
2024-07-28,Pens,North,Individual,61,25.88,0.03,1531.32
2024-01-26,Paper,North,Individual,37,41.16,0.01,1507.69
2024-12-16,Pens,East,Business,24,3.7,0.26,65.71
2024-07-12,Paper,West,Individual,13,27.23,0.03,343.37
2024-03-18,Pens,East,Individual,71,54.57,0.13,3370.79
2024-03-29,Notebooks,West,Individual,46,141.65,0.24,4952.08
2024-09-05,Paper,West,Individual,90,65.78,0.22,4617.76
2024-10-09,Pens,East,Business,79,31.41,0.18,2034.74
2024-07-05,Pens,North,Individual,1,184.92,0.07,171.98
2024-03-16,Paper,North,Individual,16,93.09,0.1,1340.5
2024-02-07,Printers,East,Individual,41,161.31,0.2,5290.97
2024-11-10,Pens,South,Business,15,129.25,0.19,1570.39
2024-11-01,Printers,North,Individual,50,112.28,0.05,5333.3
2024-07-20,Printers,East,Individual,61,107.15,0.04,6274.7
2024-12-22,Pens,West,Business,37,115.97,0.18,3518.53
2024-04-25,Pens,North,Business,52,7.77,0.08,371.72
2024-06-27,Notebooks,North,Business,37,148.34,0.21,4335.98
2024-01-24,Printers,East,Business,56,186.87,0.02,10255.43
2024-04-02,Printers,West,Business,55,23.91,0.1,1183.54
2024-12-27,Printers,East,Business,19,69.81,0.24,1008.06
2024-01-06,Paper,North,Individual,17,49.92,0.23,653.45
2024-08-11,Printers,West,Business,95,24.47,0.05,2208.42
2024-05-28,Notebooks,South,Individual,22,56.97,0.2,1002.67
2024-12-27,Notebooks,North,Individual,6,40.6,0.28,175.39
2024-10-30,Pens,North,Business,32,32.09,0.13,893.39
2024-11-08,Pens,West,Individual,67,130.73,0.03,8496.14
2024-03-13,Paper,South,Business,19,190.4,0.14,3111.14
2024-07-24,Pens,West,Individual,69,106.58,0.21,5809.68
2024-10-26,Pens,South,Business,63,5.42,0.08,314.14
2024-11-04,Pens,North,Individual,99,197.29,0.23,15039.42
2024-12-29,Pens,South,Individual,44,153.29,0.06,6340.07
2024-03-28,Paper,East,Business,29,100.7,0.18,2394.65
2024-06-12,Notebooks,South,Individual,61,9.44,0.22,449.16
2024-07-14,Printers,South,Business,52,161.72,0.06,7904.87
2024-05-24,Notebooks,East,Individual,78,92.44,0.25,5407.74
2024-02-07,Printers,East,Individual,33,21.89,0.05,686.25
2024-06-12,Notebooks,South,Business,1,199.63,0.03,193.64
2024-11-20,Notebooks,South,Business,88,161.09,0.07,13183.61
2024-07-01,Printers,North,Business,73,130.64,0.15,8106.21
2024-05-09,Paper,South,Business,62,86.77,0.1,4841.77
2024-10-16,Printers,South,Individual,52,183.88,0.16,8031.88
2024-11-07,Paper,South,Business,16,79.96,0.29,908.35
2024-03-26,Notebooks,South,Business,99,39.15,0.06,3643.3
2024-03-02,Printers,West,Individual,42,90.12,0.2,3028.03
2024-05-31,Pens,North,Business,81,184.55,0.14,12855.75
2024-07-12,Paper,South,Business,5,36.62,0.02,179.44
2024-12-07,Notebooks,South,Individual,56,171.84,0.16,8083.35
2024-02-17,Pens,South,Individual,79,3.84,0.11,269.99
2024-11-10,Notebooks,South,Business,59,120.09,0.17,5880.81
2024-12-12,Notebooks,East,Individual,2,183.75,0.06,345.45
2024-09-21,Paper,North,Individual,25,46.97,0.19,951.14
2024-08-04,Notebooks,South,Business,59,175.54,0.24,7871.21
2024-03-26,Printers,South,Individual,94,74.4,0.1,6294.24
2024-03-20,Printers,West,Individual,53,93.43,0.22,3862.4
2024-03-27,Paper,South,Individual,93,149.84,0.01,13795.77
2024-03-01,Pens,East,Individual,70,189.76,0.06,12486.21
2024-04-16,Paper,East,Business,45,109.94,0.19,4007.31
2024-10-26,Printers,West,Individual,55,109.65,0.28,4342.14
2024-02-08,Notebooks,North,Business,53,114.68,0.12,5348.68
2024-03-07,Paper,East,Business,99,2.16,0.21,168.93
2024-10-24,Pens,North,Individual,6,147.67,0.03,859.44
2024-04-08,Printers,North,Individual,67,41.42,0.18,2275.61
2024-07-01,Notebooks,West,Business,10,77.42,0.04,743.23
2024-01-11,Notebooks,East,Business,8,115.61,0.01,915.63
2024-03-04,Pens,West,Business,31,77.6,0.28,1732.03
2024-02-05,Notebooks,West,Individual,13,40.19,0.18,428.43
2024-01-19,Paper,West,Individual,80,160.98,0.18,10560.29
2024-01-03,Pens,North,Individual,25,165.73,0.28,2983.14
2024-02-25,Printers,North,Business,40,45.29,0.06,1702.9
2024-04-17,Pens,North,Business,1,86.32,0.1,77.69
2024-01-11,Notebooks,South,Business,4,4.06,0.07,15.1
2024-01-11,Notebooks,North,Individual,83,100.03,0.3,5811.74
2024-02-17,Printers,West,Individual,45,139.9,0.1,5665.95
2024-07-09,Pens,South,Individual,9,173.94,0.28,1127.13
2024-01-02,Printers,West,Business,43,178.35,0.29,5445.03
2024-08-30,Notebooks,North,Individual,50,84.38,0.03,4092.43
2024-06-21,Paper,North,Individual,36,65.93,0.2,1898.78
2024-12-08,Printers,South,Business,26,112.41,0.28,2104.32
2024-08-06,Printers,South,Business,75,154.46,0.1,10426.05
2024-05-14,Pens,North,Individual,64,24.01,0.12,1352.24
2024-05-31,Notebooks,West,Business,23,173.18,0.05,3783.98
2024-07-13,Paper,West,Individual,56,199.43,0.05,10609.68
2024-04-11,Paper,South,Individual,53,175.45,0.03,9019.88
2024-02-15,Paper,North,Business,6,66.35,0.19,322.46
2024-11-08,Paper,South,Individual,85,4.84,0.01,407.29
2024-04-29,Pens,North,Individual,47,189.76,0.07,8294.41
2024-09-05,Notebooks,East,Individual,95,54.32,0.29,3663.88
2024-01-03,Printers,West,Business,77,101.2,0.09,7091.08
2024-07-06,Printers,West,Individual,18,103.88,0.3,1308.89
2024-07-28,Pens,South,Business,19,64.35,0.04,1173.74
2024-09-29,Pens,West,Business,92,103.98,0.29,6791.97
2024-03-21,Printers,West,Individual,47,54.85,0.19,2088.14
2024-01-21,Notebooks,North,Individual,85,149.58,0.29,9027.15
2024-10-06,Pens,North,Individual,63,197.92,0.17,10349.24
2024-05-10,Notebooks,South,Business,64,125.53,0.01,7953.58
2024-04-16,Notebooks,North,Individual,84,194.2,0.29,11582.09
2024-09-15,Printers,West,Individual,33,180.82,0.29,4236.61
2024-03-14,Pens,West,Business,56,86.81,0.17,4034.93
2024-06-15,Notebooks,East,Individual,95,29.87,0.3,1986.36
2024-04-12,Pens,South,Business,62,86.14,0.27,3898.7
2024-06-25,Paper,North,Individual,1,174.45,0.13,151.77
2024-12-02,Printers,West,Business,87,196.36,0.29,12129.16
2024-12-13,Paper,South,Business,5,47.26,0.23,181.95
2024-02-20,Pens,North,Business,4,84.61,0.08,311.36
2024-10-13,Printers,South,Individual,76,83.45,0.04,6088.51
2024-10-12,Pens,South,Business,86,188.04,0.08,14877.72
2024-08-06,Notebooks,East,Business,9,9.11,0.27,59.85
2024-01-19,Pens,East,Individual,72,153.39,0.18,9056.15
2024-06-26,Printers,East,Business,9,43.69,0.07,365.69
2024-05-30,Pens,East,Business,12,198.63,0.09,2169.04
2024-09-02,Printers,South,Business,86,33.5,0.02,2823.38
2024-10-29,Paper,East,Individual,82,145.72,0.14,10276.17
2024-10-14,Pens,South,Individual,65,106.99,0.01,6884.81
2024-03-18,Paper,South,Business,19,135.85,0.08,2374.66
2024-08-03,Printers,East,Individual,77,50.59,0.29,2765.76
2024-11-15,Notebooks,East,Business,19,6.23,0.16,99.43
2024-02-18,Paper,South,Individual,91,125.81,0.2,9158.97
2024-03-30,Paper,West,Business,67,186.91,0.29,8891.31
2024-05-26,Paper,North,Business,49,29.59,0.29,1029.44
2024-06-07,Notebooks,West,Individual,2,135.69,0.13,236.1
2024-09-12,Paper,South,Business,43,13.94,0.25,449.56
2024-12-14,Paper,East,Individual,84,130.3,0.01,10835.75
2024-09-24,Pens,East,Individual,38,190.94,0.24,5514.35
2024-06-12,Paper,North,Individual,13,58.56,0.21,601.41
2024-05-23,Notebooks,North,Individual,15,6.45,0.19,78.37
2024-01-02,Printers,East,Individual,27,148.36,0.22,3124.46
2024-12-03,Paper,West,Individual,8,171.02,0.13,1190.3
2024-05-31,Pens,South,Business,43,66.45,0.2,2285.88
2024-04-20,Paper,East,Individual,92,104.5,0.06,9037.16
2024-07-24,Pens,North,Business,78,146.75,0.06,10759.71
2024-09-19,Notebooks,South,Business,2,82.47,0.01,163.29
2024-10-24,Paper,North,Individual,11,99.67,0.11,975.77
2024-05-28,Pens,West,Individual,64,165.41,0.22,8257.27
2024-05-31,Paper,South,Business,18,93.58,0.19,1364.4
2024-02-19,Printers,East,Individual,78,26.21,0.25,1533.28
2024-02-21,Notebooks,East,Business,45,170.98,0.18,6309.16
2024-09-07,Notebooks,West,Business,54,85.32,0.06,4330.84
2024-06-12,Pens,East,Business,34,17.47,0.1,534.58
2024-12-29,Pens,West,Individual,34,87.75,0.08,2744.82
2024-10-31,Printers,North,Business,33,161.04,0.1,4782.89
2024-05-19,Pens,West,Business,81,14.9,0.08,1110.35
2024-09-08,Pens,West,Business,37,174.38,0.09,5871.37
2024-07-22,Printers,East,Business,95,79.58,0.07,7030.89
2024-10-12,Pens,North,Business,68,104.69,0.02,6976.54
